100111	アカシ	大学生（アルバイト）	パラレルフライト
100112	アカシ	大学生（アルバイト）	パラレルフライト
100113	アカシ	大学生（アルバイト）	パラレルフライト
100114	アカシ	大学生（アルバイト）	パラレルフライト
100115	アカシ	大学生（アルバイト）	パラレルフライト
100116	アカシ	大学生（アルバイト）	パラレルフライト
100211	モクダイ	映像技術スタッフ	パラレルフライト
100212	モクダイ	映像技術スタッフ	パラレルフライト
100213	モクダイ	映像技術スタッフ	パラレルフライト
100214	モクダイ	映像技術スタッフ	パラレルフライト
100215	モクダイ	映像技術スタッフ	パラレルフライト
100216	モクダイ	映像技術スタッフ	パラレルフライト
100311	スイ	服飾デザイナー	パラレルフライト
100312	スイ	服飾デザイナー	パラレルフライト
100313	スイ	服飾デザイナー	パラレルフライト
100314	スイ	服飾デザイナー	パラレルフライト
100315	スイ	服飾デザイナー	パラレルフライト
100316	スイ	服飾デザイナー	パラレルフライト
100411	ライキ	ヒーロー事務所社員（営業職）	パラレルフライト
100412	ライキ	ヒーロー事務所社員（営業職）	パラレルフライト
100413	ライキ	ヒーロー事務所社員（営業職）	パラレルフライト
100414	ライキ	ヒーロー事務所社員（営業職）	パラレルフライト
100415	ライキ	ヒーロー事務所社員（営業職）	パラレルフライト
100416	ライキ	ヒーロー事務所社員（営業職）	パラレルフライト
100511	クローネ	整備士・メカニック	パラレルフライト
100512	クローネ	整備士・メカニック	パラレルフライト
100513	クローネ	整備士・メカニック	パラレルフライト
100514	クローネ	整備士・メカニック	パラレルフライト
100515	クローネ	整備士・メカニック	パラレルフライト
100516	クローネ	整備士・メカニック	パラレルフライト
100611	ガンメイ	刑事（巡査部長）	地球圏連合ヒーロー派遣隊
100612	ガンメイ	刑事（巡査部長）	地球圏連合ヒーロー派遣隊
100613	ガンメイ	刑事（巡査部長）	地球圏連合ヒーロー派遣隊
100614	ガンメイ	刑事（巡査部長）	地球圏連合ヒーロー派遣隊
100615	ガンメイ	刑事（巡査部長）	地球圏連合ヒーロー派遣隊
100616	ガンメイ	刑事（巡査部長）	地球圏連合ヒーロー派遣隊
100711	バレル	警察官（巡査）	地球圏連合ヒーロー派遣隊
100712	バレル	警察官（巡査）	地球圏連合ヒーロー派遣隊
100713	バレル	警察官（巡査）	地球圏連合ヒーロー派遣隊
100714	バレル	警察官（巡査）	地球圏連合ヒーロー派遣隊
100715	バレル	警察官（巡査）	地球圏連合ヒーロー派遣隊
100716	バレル	警察官（巡査）	地球圏連合ヒーロー派遣隊
100811	ハロン	消防隊員（消防士）	地球圏連合ヒーロー派遣隊
100812	ハロン	消防隊員（消防士）	地球圏連合ヒーロー派遣隊
100813	ハロン	消防隊員（消防士）	地球圏連合ヒーロー派遣隊
100814	ハロン	消防隊員（消防士）	地球圏連合ヒーロー派遣隊
100815	ハロン	消防隊員（消防士）	地球圏連合ヒーロー派遣隊
100816	ハロン	消防隊員（消防士）	地球圏連合ヒーロー派遣隊
100911	ヴィクトム	高度救助隊員（司令補）	地球圏連合ヒーロー派遣隊
100912	ヴィクトム	高度救助隊員（司令補）	地球圏連合ヒーロー派遣隊
100913	ヴィクトム	高度救助隊員（司令補）	地球圏連合ヒーロー派遣隊
100914	ヴィクトム	高度救助隊員（司令補）	地球圏連合ヒーロー派遣隊
100915	ヴィクトム	高度救助隊員（司令補）	地球圏連合ヒーロー派遣隊
100916	ヴィクトム	高度救助隊員（司令補）	地球圏連合ヒーロー派遣隊
101011	キョウイチ	小学校教諭	ヒロイック・エデュケーターズ
101012	キョウイチ	小学校教諭	ヒロイック・エデュケーターズ
101013	キョウイチ	小学校教諭	ヒロイック・エデュケーターズ
101014	キョウイチ	小学校教諭	ヒロイック・エデュケーターズ
101015	キョウイチ	小学校教諭	ヒロイック・エデュケーターズ
101016	キョウイチ	小学校教諭	ヒロイック・エデュケーターズ
101111	フラミー	高校教諭（化学）	ヒロイック・エデュケーターズ
101112	フラミー	高校教諭（化学）	ヒロイック・エデュケーターズ
101113	フラミー	高校教諭（化学）	ヒロイック・エデュケーターズ
101114	フラミー	高校教諭（化学）	ヒロイック・エデュケーターズ
101115	フラミー	高校教諭（化学）	ヒロイック・エデュケーターズ
101116	フラミー	高校教諭（化学）	ヒロイック・エデュケーターズ
101211	ショウエン	書道家	ヒロイック・エデュケーターズ
101212	ショウエン	書道家	ヒロイック・エデュケーターズ
101213	ショウエン	書道家	ヒロイック・エデュケーターズ
101214	ショウエン	書道家	ヒロイック・エデュケーターズ
101215	ショウエン	書道家	ヒロイック・エデュケーターズ
101216	ショウエン	書道家	ヒロイック・エデュケーターズ
101311	トウシュウ	剣道家	ヒロイック・エデュケーターズ
101312	トウシュウ	剣道家	ヒロイック・エデュケーターズ
101313	トウシュウ	剣道家	ヒロイック・エデュケーターズ
101314	トウシュウ	剣道家	ヒロイック・エデュケーターズ
101315	トウシュウ	剣道家	ヒロイック・エデュケーターズ
101316	トウシュウ	剣道家	ヒロイック・エデュケーターズ
101411	マルフィク	大学教授（考古学）	ヒロイック・エデュケーターズ
101412	マルフィク	大学教授（考古学）	ヒロイック・エデュケーターズ
101413	マルフィク	大学教授（考古学）	ヒロイック・エデュケーターズ
101414	マルフィク	大学教授（考古学）	ヒロイック・エデュケーターズ
101415	マルフィク	大学教授（考古学）	ヒロイック・エデュケーターズ
101416	マルフィク	大学教授（考古学）	ヒロイック・エデュケーターズ
101511	ポラリスマスク	プロレスラー	ギャラクシー・アスリーツ
101512	ポラリスマスク	プロレスラー	ギャラクシー・アスリーツ
101513	ポラリスマスク	プロレスラー	ギャラクシー・アスリーツ
101514	ポラリスマスク	プロレスラー	ギャラクシー・アスリーツ
101515	ポラリスマスク	プロレスラー	ギャラクシー・アスリーツ
101516	ポラリスマスク	プロレスラー	ギャラクシー・アスリーツ
101711	ハイドール	水泳選手	ギャラクシー・アスリーツ
101712	ハイドール	水泳選手	ギャラクシー・アスリーツ
101713	ハイドール	水泳選手	ギャラクシー・アスリーツ
101714	ハイドール	水泳選手	ギャラクシー・アスリーツ
101715	ハイドール	水泳選手	ギャラクシー・アスリーツ
101716	ハイドール	水泳選手	ギャラクシー・アスリーツ
101811	コウキ	子役俳優	ネオタレンツ・プロダクション
101812	コウキ	子役俳優	ネオタレンツ・プロダクション
101813	コウキ	子役俳優	ネオタレンツ・プロダクション
101814	コウキ	子役俳優	ネオタレンツ・プロダクション
101815	コウキ	子役俳優	ネオタレンツ・プロダクション
101816	コウキ	子役俳優	ネオタレンツ・プロダクション
101911	ヒトミ	アイドル歌手	ネオタレンツ・プロダクション
101912	ヒトミ	アイドル歌手	ネオタレンツ・プロダクション
101913	ヒトミ	アイドル歌手	ネオタレンツ・プロダクション
101914	ヒトミ	アイドル歌手	ネオタレンツ・プロダクション
101915	ヒトミ	アイドル歌手	ネオタレンツ・プロダクション
101916	ヒトミ	アイドル歌手	ネオタレンツ・プロダクション
102011	ラクタ	外科医師	M.A.H.A.
102012	ラクタ	外科医師	M.A.H.A.
102013	ラクタ	外科医師	M.A.H.A.
102014	ラクタ	外科医師	M.A.H.A.
102015	ラクタ	外科医師	M.A.H.A.
102016	ラクタ	外科医師	M.A.H.A.
102111	ロレン	看護師	M.A.H.A.
102112	ロレン	看護師	M.A.H.A.
102113	ロレン	看護師	M.A.H.A.
102114	ロレン	看護師	M.A.H.A.
102115	ロレン	看護師	M.A.H.A.
102116	ロレン	看護師	M.A.H.A.
102211	イサリビ	漁師	レイバーズサイト
102212	イサリビ	漁師	レイバーズサイト
102213	イサリビ	漁師	レイバーズサイト
102214	イサリビ	漁師	レイバーズサイト
102215	イサリビ	漁師	レイバーズサイト
102216	イサリビ	漁師	レイバーズサイト
102311	ゴロウ	大工	レイバーズサイト
102312	ゴロウ	大工	レイバーズサイト
102313	ゴロウ	大工	レイバーズサイト
102314	ゴロウ	大工	レイバーズサイト
102315	ゴロウ	大工	レイバーズサイト
102316	ゴロウ	大工	レイバーズサイト
102411	ディグラム	鉄道職員	グローバル・ドライバーズ
102412	ディグラム	鉄道職員	グローバル・ドライバーズ
102413	ディグラム	鉄道職員	グローバル・ドライバーズ
102414	ディグラム	鉄道職員	グローバル・ドライバーズ
102415	ディグラム	鉄道職員	グローバル・ドライバーズ
102416	ディグラム	鉄道職員	グローバル・ドライバーズ
102511	アンドリュー	トラック運転手	グローバル・ドライバーズ
102512	アンドリュー	トラック運転手	グローバル・ドライバーズ
102513	アンドリュー	トラック運転手	グローバル・ドライバーズ
102514	アンドリュー	トラック運転手	グローバル・ドライバーズ
102515	アンドリュー	トラック運転手	グローバル・ドライバーズ
102516	アンドリュー	トラック運転手	グローバル・ドライバーズ
102611	アルキバ	私立探偵	インディペンデント・ヒーローズ
102612	アルキバ	私立探偵	インディペンデント・ヒーローズ
102613	アルキバ	私立探偵	インディペンデント・ヒーローズ
102614	アルキバ	私立探偵	インディペンデント・ヒーローズ
102615	アルキバ	私立探偵	インディペンデント・ヒーローズ
102616	アルキバ	私立探偵	インディペンデント・ヒーローズ
102711	スバル	小説家	クリエイティブ・ブレイン
102712	スバル	小説家	クリエイティブ・ブレイン
102713	スバル	小説家	クリエイティブ・ブレイン
102714	スバル	小説家	クリエイティブ・ブレイン
102715	スバル	小説家	クリエイティブ・ブレイン
102716	スバル	小説家	クリエイティブ・ブレイン
102811	キルシュ	パティシエ	グルメットファイターズ
102812	キルシュ	パティシエ	グルメットファイターズ
102813	キルシュ	パティシエ	グルメットファイターズ
102814	キルシュ	パティシエ	グルメットファイターズ
102815	キルシュ	パティシエ	グルメットファイターズ
102816	キルシュ	パティシエ	グルメットファイターズ
102911	ナリヒト	取材記者	ブロードキャスターズ
102912	ナリヒト	取材記者	ブロードキャスターズ
102913	ナリヒト	取材記者	ブロードキャスターズ
102914	ナリヒト	取材記者	ブロードキャスターズ
102915	ナリヒト	取材記者	ブロードキャスターズ
102916	ナリヒト	取材記者	ブロードキャスターズ
103011	スハイル	海賊団長	無所属
103012	スハイル	海賊団長	無所属
103013	スハイル	海賊団長	無所属
103014	スハイル	海賊団長	無所属
103015	スハイル	海賊団長	無所属
103016	スハイル	海賊団長	無所属
103111	モノマサ	用心棒	無所属
103112	モノマサ	用心棒	無所属
103113	モノマサ	用心棒	無所属
103114	モノマサ	用心棒	無所属
103115	モノマサ	用心棒	無所属
103116	モノマサ	用心棒	無所属
103211	プロキー	バーテンダー	インディペンデント・ヒーローズ
103212	プロキー	バーテンダー	インディペンデント・ヒーローズ
103213	プロキー	バーテンダー	インディペンデント・ヒーローズ
103214	プロキー	バーテンダー	インディペンデント・ヒーローズ
103215	プロキー	バーテンダー	インディペンデント・ヒーローズ
103216	プロキー	バーテンダー	インディペンデント・ヒーローズ
103311	ゴメイサ	ウェイター	インディペンデント・ヒーローズ
103312	ゴメイサ	ウェイター	インディペンデント・ヒーローズ
103313	ゴメイサ	ウェイター	インディペンデント・ヒーローズ
103314	ゴメイサ	ウェイター	インディペンデント・ヒーローズ
103315	ゴメイサ	ウェイター	インディペンデント・ヒーローズ
103316	ゴメイサ	ウェイター	インディペンデント・ヒーローズ
103411	ハックル	ヒーロー事務所経営者	パラレルフライト
103412	ハックル	ヒーロー事務所経営者	パラレルフライト
103413	ハックル	ヒーロー事務所経営者	パラレルフライト
103414	ハックル	ヒーロー事務所経営者	パラレルフライト
103415	ハックル	ヒーロー事務所経営者	パラレルフライト
103416	ハックル	ヒーロー事務所経営者	パラレルフライト
103511	エクシオ	マッサージ技師	無所属
103512	エクシオ	マッサージ技師	無所属
103513	エクシオ	マッサージ技師	無所属
103514	エクシオ	マッサージ技師	無所属
103515	エクシオ	マッサージ技師	無所属
103516	エクシオ	マッサージ技師	無所属
104311	木のウルフマン	非常勤ヒーロー	パラレルフライト
104312	木のウルフマン	非常勤ヒーロー	パラレルフライト
104313	木のウルフマン	非常勤ヒーロー	パラレルフライト
104314	木のウルフマン	非常勤ヒーロー	パラレルフライト
104315	木のウルフマン	非常勤ヒーロー	パラレルフライト
104316	木のウルフマン	非常勤ヒーロー	パラレルフライト
104511	影のウルフマン	非常勤ヒーロー	パラレルフライト
104512	影のウルフマン	非常勤ヒーロー	パラレルフライト
104513	影のウルフマン	非常勤ヒーロー	パラレルフライト
104514	影のウルフマン	非常勤ヒーロー	パラレルフライト
104515	影のウルフマン	非常勤ヒーロー	パラレルフライト
104516	影のウルフマン	非常勤ヒーロー	パラレルフライト
105111	ネッセン	旅館支配人	S&S Heros
105112	ネッセン	旅館支配人	S&S Heros
105113	ネッセン	旅館支配人	S&S Heros
105114	ネッセン	旅館支配人	S&S Heros
105115	ネッセン	旅館支配人	S&S Heros
105116	ネッセン	旅館支配人	S&S Heros
105311	ヒサキ	工場従業員	レイバーズサイト
105312	ヒサキ	工場従業員	レイバーズサイト
105313	ヒサキ	工場従業員	レイバーズサイト
105314	ヒサキ	工場従業員	レイバーズサイト
105315	ヒサキ	工場従業員	レイバーズサイト
105316	ヒサキ	工場従業員	レイバーズサイト
105911	マクラータ	服飾デザイナー	クリエイティブ・ブレイン
105912	マクラータ	服飾デザイナー	クリエイティブ・ブレイン
105913	マクラータ	服飾デザイナー	クリエイティブ・ブレイン
105914	マクラータ	服飾デザイナー	クリエイティブ・ブレイン
105915	マクラータ	服飾デザイナー	クリエイティブ・ブレイン
105916	マクラータ	服飾デザイナー	クリエイティブ・ブレイン
106111	ルティリクス	騎士	アラディシア王国騎兵隊
106112	ルティリクス	騎士	アラディシア王国騎兵隊
106113	ルティリクス	騎士	アラディシア王国騎兵隊
106114	ルティリクス	騎士	アラディシア王国騎兵隊
106115	ルティリクス	騎士	アラディシア王国騎兵隊
106116	ルティリクス	騎士	アラディシア王国騎兵隊
106211	アルフェッカ	国王	アラディシア王国騎兵隊
106212	アルフェッカ	国王	アラディシア王国騎兵隊
106213	アルフェッカ	国王	アラディシア王国騎兵隊
106214	アルフェッカ	国王	アラディシア王国騎兵隊
106215	アルフェッカ	国王	アラディシア王国騎兵隊
106216	アルフェッカ	国王	アラディシア王国騎兵隊
106311	シャフト	タクシー運転手	グローバル・ドライバーズ
106312	シャフト	タクシー運転手	グローバル・ドライバーズ
106313	シャフト	タクシー運転手	グローバル・ドライバーズ
106314	シャフト	タクシー運転手	グローバル・ドライバーズ
106315	シャフト	タクシー運転手	グローバル・ドライバーズ
106316	シャフト	タクシー運転手	グローバル・ドライバーズ
106411	カラスキ	戦場カメラマン	ブロードキャスターズ
106412	カラスキ	戦場カメラマン	ブロードキャスターズ
106413	カラスキ	戦場カメラマン	ブロードキャスターズ
106414	カラスキ	戦場カメラマン	ブロードキャスターズ
106415	カラスキ	戦場カメラマン	ブロードキャスターズ
106416	カラスキ	戦場カメラマン	ブロードキャスターズ
106511	ウルペクラ	怪盗	無所属
106512	ウルペクラ	怪盗	無所属
106513	ウルペクラ	怪盗	無所属
106514	ウルペクラ	怪盗	無所属
106515	ウルペクラ	怪盗	無所属
106516	ウルペクラ	怪盗	無所属
106611	火のマーセナリ―	非常勤ヒーロー	パラレルフライト
106612	火のマーセナリ―	非常勤ヒーロー	パラレルフライト
106613	火のマーセナリ―	非常勤ヒーロー	パラレルフライト
106614	火のマーセナリ―	非常勤ヒーロー	パラレルフライト
106615	火のマーセナリ―	非常勤ヒーロー	パラレルフライト
106616	火のマーセナリ―	非常勤ヒーロー	パラレルフライト
106711	水のマーセナリ―	非常勤ヒーロー	パラレルフライト
106712	水のマーセナリ―	非常勤ヒーロー	パラレルフライト
106713	水のマーセナリ―	非常勤ヒーロー	パラレルフライト
106714	水のマーセナリ―	非常勤ヒーロー	パラレルフライト
106715	水のマーセナリ―	非常勤ヒーロー	パラレルフライト
106716	水のマーセナリ―	非常勤ヒーロー	パラレルフライト
106811	木のマーセナリ―	非常勤ヒーロー	パラレルフライト
106812	木のマーセナリ―	非常勤ヒーロー	パラレルフライト
106813	木のマーセナリ―	非常勤ヒーロー	パラレルフライト
106814	木のマーセナリ―	非常勤ヒーロー	パラレルフライト
106815	木のマーセナリ―	非常勤ヒーロー	パラレルフライト
106816	木のマーセナリ―	非常勤ヒーロー	パラレルフライト
106911	光のマーセナリ―	非常勤ヒーロー	パラレルフライト
106912	光のマーセナリ―	非常勤ヒーロー	パラレルフライト
106913	光のマーセナリ―	非常勤ヒーロー	パラレルフライト
106914	光のマーセナリ―	非常勤ヒーロー	パラレルフライト
106915	光のマーセナリ―	非常勤ヒーロー	パラレルフライト
106916	光のマーセナリ―	非常勤ヒーロー	パラレルフライト
107011	影のマーセナリ―	非常勤ヒーロー	パラレルフライト
107012	影のマーセナリ―	非常勤ヒーロー	パラレルフライト
107013	影のマーセナリ―	非常勤ヒーロー	パラレルフライト
107014	影のマーセナリ―	非常勤ヒーロー	パラレルフライト
107015	影のマーセナリ―	非常勤ヒーロー	パラレルフライト
107016	影のマーセナリ―	非常勤ヒーロー	パラレルフライト
107111	メリデ	ヴィランオペレーター	無所属
107112	メリデ	ヴィランオペレーター	無所属
107113	メリデ	ヴィランオペレーター	無所属
107114	メリデ	ヴィランオペレーター	無所属
107115	メリデ	ヴィランオペレーター	無所属
107116	メリデ	ヴィランオペレーター	無所属
107211	ヨシオリ	ボディガード	無所属
107212	ヨシオリ	ボディガード	無所属
107213	ヨシオリ	ボディガード	無所属
107214	ヨシオリ	ボディガード	無所属
107215	ヨシオリ	ボディガード	無所属
107216	ヨシオリ	ボディガード	無所属
107311	パブラシア	リゾート船清掃員	レイバーズサイト
107312	パブラシア	リゾート船清掃員	レイバーズサイト
107313	パブラシア	リゾート船清掃員	レイバーズサイト
107314	パブラシア	リゾート船清掃員	レイバーズサイト
107315	パブラシア	リゾート船清掃員	レイバーズサイト
107316	パブラシア	リゾート船清掃員	レイバーズサイト
107511	オキタカ	市庁職員	地球圏連合ヒーロー派遣隊
107512	オキタカ	市庁職員	地球圏連合ヒーロー派遣隊
107513	オキタカ	市庁職員	地球圏連合ヒーロー派遣隊
107514	オキタカ	市庁職員	地球圏連合ヒーロー派遣隊
107515	オキタカ	市庁職員	地球圏連合ヒーロー派遣隊
107516	オキタカ	市庁職員	地球圏連合ヒーロー派遣隊
107611	火のトレイニー	非常勤ヒーロー	パラレルフライト
107612	火のトレイニー	非常勤ヒーロー	パラレルフライト
107613	火のトレイニー	非常勤ヒーロー	パラレルフライト
107614	火のトレイニー	非常勤ヒーロー	パラレルフライト
107615	火のトレイニー	非常勤ヒーロー	パラレルフライト
107616	火のトレイニー	非常勤ヒーロー	パラレルフライト
107711	水のトレイニー	非常勤ヒーロー	パラレルフライト
107712	水のトレイニー	非常勤ヒーロー	パラレルフライト
107713	水のトレイニー	非常勤ヒーロー	パラレルフライト
107714	水のトレイニー	非常勤ヒーロー	パラレルフライト
107715	水のトレイニー	非常勤ヒーロー	パラレルフライト
107716	水のトレイニー	非常勤ヒーロー	パラレルフライト
107811	木のトレイニー	非常勤ヒーロー	パラレルフライト
107812	木のトレイニー	非常勤ヒーロー	パラレルフライト
107813	木のトレイニー	非常勤ヒーロー	パラレルフライト
107814	木のトレイニー	非常勤ヒーロー	パラレルフライト
107815	木のトレイニー	非常勤ヒーロー	パラレルフライト
107816	木のトレイニー	非常勤ヒーロー	パラレルフライト
107911	光のトレイニー	非常勤ヒーロー	パラレルフライト
107912	光のトレイニー	非常勤ヒーロー	パラレルフライト
107913	光のトレイニー	非常勤ヒーロー	パラレルフライト
107914	光のトレイニー	非常勤ヒーロー	パラレルフライト
107915	光のトレイニー	非常勤ヒーロー	パラレルフライト
107916	光のトレイニー	非常勤ヒーロー	パラレルフライト
108011	影のトレイニー	非常勤ヒーロー	パラレルフライト
108012	影のトレイニー	非常勤ヒーロー	パラレルフライト
108013	影のトレイニー	非常勤ヒーロー	パラレルフライト
108014	影のトレイニー	非常勤ヒーロー	パラレルフライト
108015	影のトレイニー	非常勤ヒーロー	パラレルフライト
108016	影のトレイニー	非常勤ヒーロー	パラレルフライト
108111	サダヨシ	防衛局武官	日本国防衛局
108112	サダヨシ	防衛局武官	日本国防衛局
108113	サダヨシ	防衛局武官	日本国防衛局
108114	サダヨシ	防衛局武官	日本国防衛局
108115	サダヨシ	防衛局武官	日本国防衛局
108116	サダヨシ	防衛局武官	日本国防衛局
108211	ボレアリス	指揮者	無所属
108212	ボレアリス	指揮者	無所属
108213	ボレアリス	指揮者	無所属
108214	ボレアリス	指揮者	無所属
108215	ボレアリス	指揮者	無所属
108216	ボレアリス	指揮者	無所属
110011	ヤスヒコ	サーカス団長	S&S Heros
110012	ヤスヒコ	サーカス団長	S&S Heros
110013	ヤスヒコ	サーカス団長	S&S Heros
110014	ヤスヒコ	サーカス団長	S&S Heros
110015	ヤスヒコ	サーカス団長	S&S Heros
110016	ヤスヒコ	サーカス団長	S&S Heros
110111	ライラック	花屋	レイバーズサイト
110112	ライラック	花屋	レイバーズサイト
110113	ライラック	花屋	レイバーズサイト
110114	ライラック	花屋	レイバーズサイト
110115	ライラック	花屋	レイバーズサイト
110116	ライラック	花屋	レイバーズサイト
111211	サンテツ	図書館司書	ヒロイック・エデュケーターズ
111212	サンテツ	図書館司書	ヒロイック・エデュケーターズ
111213	サンテツ	図書館司書	ヒロイック・エデュケーターズ
111214	サンテツ	図書館司書	ヒロイック・エデュケーターズ
111215	サンテツ	図書館司書	ヒロイック・エデュケーターズ
111216	サンテツ	図書館司書	ヒロイック・エデュケーターズ
111311	ロイカー	大学教授（天体物理学）	ヒロイック・エデュケーターズ
111312	ロイカー	大学教授（天体物理学）	ヒロイック・エデュケーターズ
111313	ロイカー	大学教授（天体物理学）	ヒロイック・エデュケーターズ
111314	ロイカー	大学教授（天体物理学）	ヒロイック・エデュケーターズ
111315	ロイカー	大学教授（天体物理学）	ヒロイック・エデュケーターズ
111316	ロイカー	大学教授（天体物理学）	ヒロイック・エデュケーターズ
111411	セイイチロウ	大臣政務官	地球圏連合ヒーロー派遣隊
111412	セイイチロウ	大臣政務官	地球圏連合ヒーロー派遣隊
111413	セイイチロウ	大臣政務官	地球圏連合ヒーロー派遣隊
111414	セイイチロウ	大臣政務官	地球圏連合ヒーロー派遣隊
111415	セイイチロウ	大臣政務官	地球圏連合ヒーロー派遣隊
111416	セイイチロウ	大臣政務官	地球圏連合ヒーロー派遣隊
199911	主人公	ヒーローオペレーター	パラレルフライト
199912	主人公	ヒーローオペレーター	パラレルフライト
199913	主人公	ヒーローオペレーター	パラレルフライト
199914	主人公	ヒーローオペレーター	パラレルフライト
199915	主人公	ヒーローオペレーター	パラレルフライト
199916	主人公	ヒーローオペレーター	パラレルフライト